{
  "title":  {
    "text": {
      "headline": "Demo of groups",
      "text": "<p>Demo of groups and actions</p>"
    }
  },
  "events": [
    {
      "start_date": {
        "year": "2016",
        "month": "11",
        "day": "13",
        "hour": "9",
        "minute": "30",
        "second": "",
        "millisecond": "",
        "format": ""
      },
      "group": "Group 1 - 1ST_INTERVIEW - 1st Interview - Technical assessment",
      "text": {
        "headline": "event 1 heading send notification long description",
        "text": "text of event 1 - group 1"
      }
    },

    {
      "start_date": {
        "year": "2016",
        "month": "11",
        "day": "17",
        "hour": "9",
        "minute": "30",
        "second": "",
        "millisecond": "",
        "format": ""
      },
      "group": "Group 1 - 1ST_INTERVIEW - 1st Interview - Technical assessment",
      "text": {
        "headline": "event 2 heading send notification long description",
        "text": "text of event 2 - group 1"
      }
    },

    {
      "start_date": {
        "year": "2016",
        "month": "11",
        "day": "18",
        "hour": "9",
        "minute": "30",
        "second": "",
        "millisecond": "",
        "format": ""
      },
      "group": "Group 2 - 2ND_INTERVIEW - 2nd Interview",
      "text": {
        "headline": "event 1 heading - send notification long description 1",
        "text": "text of event 1 - group 2"
      }
    },

    {
      "start_date": {
        "year": "2016",
        "month": "11",
        "day": "19",
        "hour": "9",
        "minute": "30",
        "second": "",
        "millisecond": "",
        "format": ""
      },
      "group": "Group 2 - 2ND_INTERVIEW - 2nd Interview",
      "text": {
        "headline": "event 2 heading - send notification long description 2",
        "text": "text of event 2 - group 2"
      }
    },

    {
      "start_date": {
        "year": "2016",
        "month": "11",
        "day": "20",
        "hour": "9",
        "minute": "30",
        "second": "",
        "millisecond": "",
        "format": ""
      },
      "group": "Group 3 - 3RD_INTERVIEW - 3rd Interview",
      "text": {
        "headline": "event 1 heading - send notification long description",
        "text": "text of event 1 - group 3"
      }
    },

     {
      "start_date": {
        "year": "2016",
        "month": "11",
        "day": "21",
        "hour": "9",
        "minute": "30",
        "second": "",
        "millisecond": "",
        "format": ""
      },
      "group": "Group 3 - 3RD_INTERVIEW - 3rd Interview",
      "text": {
        "headline": "event 2 heading - send notification long description",
        "text": "text of event 2 - group 3"
      }
    },

    {
      "start_date": {
        "year": "2016",
        "month": "11",
        "day": "22",
        "hour": "9",
        "minute": "30",
        "second": "",
        "millisecond": "",
        "format": ""
      },
      "group": "Group 4 - 4th_INTERVIEW - 4th Interview",
      "text": {
        "headline": "event 1 heading send notification long description",
        "text": "text of event 1 - group 4"
      }
    }
  ]
}
