{
	"title": {
            "text": {
                "headline": "Milliseconds",
                "text":     "Testing milliseconds"
            }
    },
    "events": [
        {
            "start_date": {
                "year":			"2015",
                "month":		"01",
                "day": 			"01",
                "hour": 		"01",
                "minute": 		"01",
                "second": 		"01",
                "millisecond": 	"01"
            },
            "text": {
                "headline": "Test",
                "text": "Test"
            }
        },
        {
            "start_date": {
                "year":			"2015",
                "month":		"01",
                "day": 			"01",
                "hour": 		"01",
                "minute": 		"01",
                "second": 		"01",
                "millisecond": 	"10"
            },
            "text": {
                "headline": "Test",
                "text": "Test"
            }
        },
        {
            "start_date": {
                "year":			"2015",
                "month":		"01",
                "day": 			"01",
                "hour": 		"01",
                "minute": 		"01",
                "second": 		"01",
                "millisecond": 	"30"
            },
            "text": {
                "headline": "Test",
                "text": "Test"
            }
        },
        {
            "start_date": {
                "year":			"2015",
                "month":		"01",
                "day": 			"01",
                "hour": 		"01",
                "minute": 		"01",
                "second": 		"01",
                "millisecond": 	"50"
            },
            "text": {
                "headline": "Test",
                "text": "Test"
            }
        },
        {
            "start_date": {
                "year":			"2015",
                "month":		"01",
                "day": 			"01",
                "hour": 		"01",
                "minute": 		"01",
                "second": 		"01",
                "millisecond": 	"60"
            },
            "text": {
                "headline": "Test",
                "text": "Test"
            }
        }
    ]
}
