{"title":{"media":{"url":"","caption":"","credit":""},"text":{"headline":"#pbwed wedding","text":"Some body text here"}},"events":[{"media":{"url":"https://scontent.cdninstagram.com/hphotos-xta1/t51.2885-15/e15/10932569_356383821220359_279092200_n.jpg","caption":"Test caption","credit":"@suraj.007"},"start_date":{"month":"02","day":"23","year":"2015","hour":"15","minute":"15","second":"51"},"text":{"headline":"#pbwed wedding","text":"<p>#pbwed</p>"}},{"media":{"url":"https://scontent.cdninstagram.com/hphotos-xap1/t51.2885-15/e15/10817526_312028709002504_852415585_n.jpg","caption":"Test caption","credit":"@mallorybower"},"start_date":{"month":"11","day":"24","year":"2014","hour":"13","minute":"51","second":"26"},"text":{"headline":"#pbwed wedding","text":"<p>Happy Anniversary, @stephenpapay! thanks for making me laugh every single day (and for upholding your vows by doing the dishes for me). Cheers to many more happy, happy years! #pbwed</p>"}},{"media":{"url":"https://scontent.cdninstagram.com/hphotos-xap1/t51.2885-15/e15/10448853_797637786927368_775408813_n.jpg","caption":"Test caption","credit":"@eld_stevejr"},"start_date":{"month":"07","day":"16","year":"2014","hour":"19","minute":"34","second":"27"},"text":{"headline":"#pbwed wedding","text":"<p>#pb #pbwed #houseofprayer @bishopstevenbennettsr @stephaniejpride</p>"}},{"media":{"url":"https://scontent.cdninstagram.com/hphotos-xfa1/t51.2885-15/e15/1170376_532930200129542_2041232572_n.jpg","caption":"Test caption","credit":"@mallorybower"},"start_date":{"month":"11","day":"30","year":"2013","hour":"00","minute":"47","second":"40"},"text":{"headline":"#pbwed wedding","text":"<p>Late anniversary bier at the place we got married. #pbwed  @stephenpapay</p>"}},{"media":{"url":"https://scontent.cdninstagram.com/hphotos-xat1/t51.2885-15/e15/1390140_770171942999694_1102460406_n.jpg","caption":"Test caption","credit":"@marymatoulawebb"},"start_date":{"month":"11","day":"21","year":"2013","hour":"20","minute":"28","second":"23"},"text":{"headline":"#pbwed wedding","text":"<p>#pbwed @superbrian @prestonnesbit</p>"}},{"media":{"url":"https://scontent.cdninstagram.com/hphotos-xaf1/t51.2885-15/e15/1171101_1424186797812629_1534172451_n.jpg","caption":"Test caption","credit":"@marymatoulawebb"},"start_date":{"month":"11","day":"21","year":"2013","hour":"20","minute":"27","second":"16"},"text":{"headline":"#pbwed wedding","text":"<p>#pbwed @superbrian @prestonnesbit</p>"}},{"media":{"url":"https://scontent.cdninstagram.com/hphotos-ash/t51.2885-15/e15/915623_182148238645440_1919120139_n.jpg","caption":"Test caption","credit":"@marymatoulawebb"},"start_date":{"month":"11","day":"21","year":"2013","hour":"20","minute":"25","second":"08"},"text":{"headline":"#pbwed wedding","text":"<p>#pbwed @superbrian @prestonnesbit  Vickie gives a talk</p>"}},{"media":{"url":"https://scontent.cdninstagram.com/hphotos-xfp1/t51.2885-15/e15/1172073_191266657730584_815097901_n.jpg","caption":"Test caption","credit":"@marymatoulawebb"},"start_date":{"month":"11","day":"19","year":"2013","hour":"03","minute":"12","second":"28"},"text":{"headline":"#pbwed wedding","text":"<p>Reunion at the wedding #pbwed @superbrian</p>"}},{"media":{"url":"https://scontent.cdninstagram.com/hphotos-xpf1/t51.2885-15/e15/1390361_431201493648477_1089847062_n.jpg","caption":"Test caption","credit":"@marymatoulawebb"},"start_date":{"month":"11","day":"19","year":"2013","hour":"03","minute":"10","second":"33"},"text":{"headline":"#pbwed wedding","text":"<p>Me and John #pbwed @superbrian @prestonnesbit</p>"}},{"media":{"url":"https://scontent.cdninstagram.com/hphotos-xap1/t51.2885-15/e15/1169334_1393207430922167_537078672_n.jpg","caption":"Test caption","credit":"@marymatoulawebb"},"start_date":{"month":"11","day":"19","year":"2013","hour":"03","minute":"07","second":"19"},"text":{"headline":"#pbwed wedding","text":"<p>@jasonbroccoli serenading @prestonnesbit @superbrian #pbwed</p>"}},{"media":{"url":"https://scontent.cdninstagram.com/hphotos-xpa1/t51.2885-15/e15/925694_368572489956026_298041127_n.jpg","caption":"Test caption","credit":"@marymatoulawebb"},"start_date":{"month":"11","day":"18","year":"2013","hour":"06","minute":"33","second":"25"},"text":{"headline":"#pbwed wedding","text":"<p>#pbwed @superbrian @marymatoulawebb @prestonnesbit</p>"}},{"media":{"url":"https://scontent.cdninstagram.com/hphotos-xtp1/t51.2885-15/e15/1171827_443652199079966_1504701559_n.jpg","caption":"Test caption","credit":"@marymatoulawebb"},"start_date":{"month":"11","day":"18","year":"2013","hour":"06","minute":"32","second":"33"},"text":{"headline":"#pbwed wedding","text":"<p>#pbwed #cityhall #sf @superbrian @prestonnesbit</p>"}},{"media":{"url":"https://scontent.cdninstagram.com/hphotos-xfa1/t51.2885-15/e15/1171972_617969051578087_2119560080_n.jpg","caption":"Test caption","credit":"@marymatoulawebb"},"start_date":{"month":"11","day":"18","year":"2013","hour":"06","minute":"31","second":"36"},"text":{"headline":"#pbwed wedding","text":"<p>#pbwed @superbrian @prestonnesbit #cityhall #sf</p>"}},{"media":{"url":"https://scontent.cdninstagram.com/hphotos-xpa1/t51.2885-15/e15/925690_246588688837821_179567263_n.jpg","caption":"Test caption","credit":"@marymatoulawebb"},"start_date":{"month":"11","day":"18","year":"2013","hour":"06","minute":"30","second":"47"},"text":{"headline":"#pbwed wedding","text":"<p>#pbwed @superbrian @prestonnesbit</p>"}},{"media":{"url":"https://scontent.cdninstagram.com/hphotos-xat1/t51.2885-15/e15/1208394_460151030769529_1385897114_n.jpg","caption":"Test caption","credit":"@marymatoulawebb"},"start_date":{"month":"11","day":"18","year":"2013","hour":"06","minute":"29","second":"55"},"text":{"headline":"#pbwed wedding","text":"<p>#pbwed @superbrian @prestonnesbit @deniseleah</p>"}},{"media":{"url":"https://scontent.cdninstagram.com/hphotos-xaf1/t51.2885-15/e15/1389988_497325340374864_260956440_n.jpg","caption":"Test caption","credit":"@marymatoulawebb"},"start_date":{"month":"11","day":"18","year":"2013","hour":"06","minute":"29","second":"16"},"text":{"headline":"#pbwed wedding","text":"<p>#pbwed @superbrian @deniseleah @prestonnesbit</p>"}},{"media":{"url":"https://scontent.cdninstagram.com/hphotos-xfa1/t51.2885-15/e15/1390013_234149203413797_1816339632_n.jpg","caption":"Test caption","credit":"@marymatoulawebb"},"start_date":{"month":"11","day":"18","year":"2013","hour":"06","minute":"28","second":"17"},"text":{"headline":"#pbwed wedding","text":"<p>#pbwed @superbrian @prestonnesbit</p>"}},{"media":{"url":"https://scontent.cdninstagram.com/hphotos-xfa1/t51.2885-15/e15/1209706_1444689402425355_149937286_n.jpg","caption":"Test caption","credit":"@marymatoulawebb"},"start_date":{"month":"11","day":"18","year":"2013","hour":"06","minute":"27","second":"04"},"text":{"headline":"#pbwed wedding","text":"<p>#pbwed @superbrian @prestonnesbit</p>"}},{"media":{"url":"https://scontent.cdninstagram.com/hphotos-xfp1/t51.2885-15/e15/1390419_1434116103478473_1825875140_n.jpg","caption":"Test caption","credit":"@marymatoulawebb"},"start_date":{"month":"11","day":"18","year":"2013","hour":"06","minute":"26","second":"20"},"text":{"headline":"#pbwed wedding","text":"<p>#pbwed @superbrian @prestonnesbit</p>"}},{"media":{"url":"https://scontent.cdninstagram.com/hphotos-xpa1/t51.2885-15/e15/1389164_591237150942255_221599690_n.jpg","caption":"Test caption","credit":"@marymatoulawebb"},"start_date":{"month":"11","day":"18","year":"2013","hour":"06","minute":"24","second":"57"},"text":{"headline":"#pbwed wedding","text":"<p>#pbwed @superbrian @prestonnesbit</p>"}}]}