{"title":{"media":{"url":"https://scontent.cdninstagram.com/hphotos-xfp1/t51.2885-15/e15/10881793_320292118175388_462216162_n.jpg","caption":"","credit":""},"text":{"headline":"#pagingthemarcels","text":""}},"events":[{"media":{"url":"https://scontent.cdninstagram.com/hphotos-xpa1/t51.2885-15/e15/10561130_729427650453505_1665506649_n.jpg","caption":"engagement","credit":"@brightonkeller","thumb":"https://scontent.cdninstagram.com/hphotos-xpa1/t51.2885-15/e15/10561130_729427650453505_1665506649_n.jpg"},"start_date":{"month":"06","day":"18","year":"2014","hour":"17","minute":"16","second":"54"},"text":{"headline":"Engagement","text":"<p>Headed to my lil sis's engagement party...SO excited!!!! She's my favorite person in the world (besides my other love, @lelers123 😘) and I couldn't be more excited for cokes and Ryan (my future bro! 💁) cc: @ryanmarcel #pagingthemarcels</p>"}},{"media":{"url":"https://scontent.cdninstagram.com/hphotos-xpa1/t51.2885-15/e15/10483586_1465755386999289_1642245121_n.jpg","caption":"dress_shopping","credit":"@lelers123","thumb":"https://scontent.cdninstagram.com/hphotos-xpa1/t51.2885-15/e15/10483586_1465755386999289_1642245121_n.jpg"},"start_date":{"month":"06","day":"18","year":"2014","hour":"17","minute":"17","second":"24"},"text":{"headline":"Dress Shopping","text":"<p>Wedding dress shopping with the best 😘</p>"}},{"media":{"url":"https://scontent.cdninstagram.com/hphotos-xfa1/t51.2885-15/e15/10895444_1540122292893381_1378407766_n.jpg","caption":"rehearsal_dinner","credit":"@kirbydavis1","thumb":"https://scontent.cdninstagram.com/hphotos-xfa1/t51.2885-15/e15/10895444_1540122292893381_1378407766_n.jpg"},"start_date":{"month":"06","day":"18","year":"2014","hour":"17","minute":"17","second":"34"},"text":{"headline":"Rehearsal Dinner","text":"<p>So excited for @cocokeller to marry this awesome dude tomorrow! Love ya sista 🎊👯👰 #pagingtheMarcels</p>"}},{"media":{"url":"https://scontent.cdninstagram.com/hphotos-xaf1/t51.2885-15/e15/927468_1525740241044129_1664358214_n.jpg","caption":"wedding_day","credit":"@pavlichphoto","thumb":"https://scontent.cdninstagram.com/hphotos-xaf1/t51.2885-15/e15/927468_1525740241044129_1664358214_n.jpg"},"start_date":{"month":"06","day":"18","year":"2014","hour":"17","minute":"17","second":"44"},"text":{"headline":"Wedding Day","text":"<p>#46: Perfection is the word I'm seeing used to describe the Keller-Marcel wedding. Here a newly vowed family looks on as the fantastic midnight celebration unfolds. #bpphototop100 #pagingthemarcels #nye #midnight #2015 #wedding</p>"}},{"media":{"url":"https://scontent.cdninstagram.com/hphotos-xta1/t51.2885-15/e15/928744_554641147972637_1323922608_n.jpg","caption":"wedding_day","credit":"@deekellerdesign","thumb":"https://scontent.cdninstagram.com/hphotos-xta1/t51.2885-15/e15/928744_554641147972637_1323922608_n.jpg"},"start_date":{"month":"06","day":"18","year":"2014","hour":"17","minute":"17","second":"45"},"text":{"headline":"Wedding Day","text":"<p>Moments before the walk down the aisle, a sweet moment for my husband and daughter. It was an incredibly special moment for me having designed the dress for CoCo! #pagingthemarcels #southernwedding #marriedinthesouth</p>"}},{"media":{"url":"https://scontent.cdninstagram.com/hphotos-xpa1/t51.2885-15/e15/10865065_415766135240015_2107299712_n.jpg","caption":"wedding_day","credit":"@smmeeks88","thumb":"https://scontent.cdninstagram.com/hphotos-xpa1/t51.2885-15/e15/10865065_415766135240015_2107299712_n.jpg"},"start_date":{"month":"06","day":"18","year":"2014","hour":"17","minute":"17","second":"46"},"text":{"headline":"Wedding Day","text":"<p>Such an amazing time last night with this perfect little bridesmaid 😍 #pagingthemarcels @brightonkeller</p>"}},{"media":{"url":"https://scontent.cdninstagram.com/hphotos-xpa1/t51.2885-15/e15/10832149_1764592597100304_1510487833_n.jpg","caption":"wedding_day","credit":"@cat_crawford","thumb":"https://scontent.cdninstagram.com/hphotos-xpa1/t51.2885-15/e15/10832149_1764592597100304_1510487833_n.jpg"},"start_date":{"month":"06","day":"18","year":"2014","hour":"17","minute":"17","second":"47"},"text":{"headline":"Wedding Day","text":"<p>Watching my beautiful best friend say \"I do\" last night was the most amazing way to ring in the New Year! I love you so much Cocomo!! #pagingtheMarcels</p>"}},{"media":{"url":"https://scontent.cdninstagram.com/hphotos-xfp1/t51.2885-15/e15/10881793_320292118175388_462216162_n.jpg","caption":"wedding_day","credit":"@deekellerdesign","thumb":"https://scontent.cdninstagram.com/hphotos-xfp1/t51.2885-15/e15/10881793_320292118175388_462216162_n.jpg"},"start_date":{"month":"06","day":"18","year":"2014","hour":"17","minute":"17","second":"48"},"text":{"headline":"Wedding Day","text":"<p>Tonight's the night! My daughter CoCo is getting married! #pagingtheMarcels #southernweddings #marriedinthesouth</p>"}},{"media":{"url":"https://scontent.cdninstagram.com/hphotos-xtp1/t51.2885-15/e15/10895365_294483500761274_1154542052_n.jpg","caption":"wedding_day","credit":"@brightonkeller","thumb":"https://scontent.cdninstagram.com/hphotos-xtp1/t51.2885-15/e15/10895365_294483500761274_1154542052_n.jpg"},"start_date":{"month":"06","day":"18","year":"2014","hour":"17","minute":"17","second":"49"},"text":{"headline":"Wedding Day","text":"<p>Building tents, ironing napkins, moving mud, planting trees, hanging chandeliers, and stuff 💁 We're ALL getting ready over here at the Keller Kasa for my sister's BIG DAY tomorrow 😍🙌👰👰 // @liketoknow.it www.liketk.it/M7za #liketkit #ootd</p>"}},{"media":{"url":"https://scontent.cdninstagram.com/hphotos-xpf1/t51.2885-15/e15/10554233_740063832702074_1149402378_n.jpg","caption":"wedding_day","credit":"@deekellerdesign","thumb":"https://scontent.cdninstagram.com/hphotos-xpf1/t51.2885-15/e15/10554233_740063832702074_1149402378_n.jpg"},"start_date":{"month":"06","day":"18","year":"2014","hour":"17","minute":"17","second":"50"},"text":{"headline":"Wedding Day","text":"<p>I can't believe my little coco-mo is getting married! Having so much fun celebrating tonight at her engagement party ☺️ ...such a sweet and special moment between my two oldest girls 😊 #pagingthemarcels</p>"}},{"media":{"url":"https://scontent.cdninstagram.com/hphotos-xap1/t51.2885-15/e15/10507905_767817206574032_889102882_n.jpg","caption":"wedding_day","credit":"@deekellerdesign","thumb":"https://scontent.cdninstagram.com/hphotos-xap1/t51.2885-15/e15/10507905_767817206574032_889102882_n.jpg"},"start_date":{"month":"06","day":"18","year":"2014","hour":"17","minute":"17","second":"51"},"text":{"headline":"Wedding Day","text":"<p>Helping my daughter Coco finalize her wedding china! What do you think?! #pagingthemarcels</p>"}},{"media":{"url":"https://scontent.cdninstagram.com/hphotos-xft1/t51.2885-15/e15/10454092_254603148080546_1832400923_n.jpg","caption":"wedding_day","credit":"@deekellerdesign","thumb":"https://scontent.cdninstagram.com/hphotos-xft1/t51.2885-15/e15/10454092_254603148080546_1832400923_n.jpg"},"start_date":{"month":"06","day":"18","year":"2014","hour":"17","minute":"17","second":"52"},"text":{"headline":"Wedding Day","text":"<p>To have and to HOLD 😍 ...helping my daughter coco find the perfect dress 👗🎀💄and I think we decided on #pagingtheMarcels - thanks for all hour help y'all!!</p>"}},{"media":{"url":"https://scontent.cdninstagram.com/hphotos-xpf1/t51.2885-15/e15/10919669_1545228029085951_1022116326_n.jpg","caption":"throw_back","credit":"@deekellerdesign","thumb":"https://scontent.cdninstagram.com/hphotos-xpf1/t51.2885-15/e15/10919669_1545228029085951_1022116326_n.jpg"},"start_date":{"month":"06","day":"18","year":"2014","hour":"17","minute":"18","second":"14"},"text":{"headline":"Throw Back Thursday","text":"<p>A little #Tbt to my daughter's wedding! Me with my precious girls! Love this shot captured by @pavlichphoto #marriedinthesouth #southernweddings #deekellerdesigns</p>"}}]}